{"name":"bag_2_a","menu":"_Bags","author":"Anfauglir/Valaron/Jakob","body_part":"legs","animation_type":"legs","hidden_parts":[],"parent":"moreplayermodels:parts/bags/bag_2.json","texture":"moreplayermodels:textures/bags/bag_2.png","can_use_player_skin":false,"preview_rotation":45,"render_type":"bedrock","render_data":{"format_version":"1.12.0","minecraft:geometry":[{"description":{"identifier":"geometry.unknown","texture_width":16,"texture_height":16,"visible_bounds_width":2,"visible_bounds_height":2,"visible_bounds_offset":[0,0,0]},"bones":[{"name":"right_leg","pivot":[0,-12,0]},{"name":"bag_2","parent":"right_leg","pivot":[-3,-14,0],"cubes":[{"origin":[-3.5,-17.5,-1.5],"size":[2,5,3],"uv":[0,0],"mirror":true},{"origin":[-3.5,-15.5,-1],"size":[2,3,2],"inflate":0.1,"uv":[0,8],"mirror":true}]}]}]}}