{"name":"horns_4","menu":"_Horns","author":"Anfauglir/Valaron/Jakob","body_part":"head","hidden_parts":[],"texture":"moreplayermodels:textures/horns/horns_4.png","can_use_player_skin":false,"preview_rotation":45,"animation_type":"NONE","render_type":"bedrock","render_data":{"format_version":"1.12.0","minecraft:geometry":[{"description":{"identifier":"geometry.unknown","texture_width":32,"texture_height":32,"visible_bounds_width":3,"visible_bounds_height":2.5,"visible_bounds_offset":[0,0.75,0]},"bones":[{"name":"bone","pivot":[0,0,0],"cubes":[{"origin":[-5,6,1],"size":[3,3,5],"uv":[0,8]},{"origin":[-4.5,7.3,5.8],"size":[2,2,4],"pivot":[-3.5,7.5,8.5],"rotation":[17.5,0,0],"uv":[12,12]},{"origin":[-4,9.63251,8.98321],"size":[1,1,3],"pivot":[-3,9.88251,11.73321],"rotation":[35,0,0],"uv":[0,16]},{"origin":[2.5,7.3,5.8],"size":[2,2,4],"pivot":[3.5,7.5,8.5],"rotation":[17.5,0,0],"uv":[12,4]},{"origin":[3,9.63251,8.98321],"size":[1,1,3],"pivot":[3,9.88251,11.73321],"rotation":[35,0,0],"uv":[11,0]},{"origin":[2,6,1],"size":[3,3,5],"uv":[0,0]}]}]}]}}