{"name":"horns_8","menu":"_Horns","author":"Anfauglir/Valaron/Jakob","body_part":"head","hidden_parts":[],"texture":"moreplayermodels:textures/horns/horns_8.png","can_use_player_skin":false,"preview_rotation":45,"animation_type":"NONE","render_type":"bedrock","render_data":{"format_version":"1.12.0","minecraft:geometry":[{"description":{"identifier":"geometry.unknown","texture_width":32,"texture_height":32,"visible_bounds_width":3,"visible_bounds_height":2.5,"visible_bounds_offset":[0,0.75,0]},"bones":[{"name":"horns_8","pivot":[0,0,0],"cubes":[{"origin":[2,6,-4.25],"size":[3,3,3],"pivot":[3.5,7.5,-2.75],"rotation":[17.5,0,45],"uv":[0,6]},{"origin":[-5,6,-4.25],"size":[3,3,3],"pivot":[-3.5,7.5,-2.75],"rotation":[17.5,0,-45],"uv":[0,0]},{"origin":[3.25,7.5,-4.2],"size":[2,4,2],"pivot":[4.25,8.5,-3],"rotation":[9.91615,-1.29876,7.38733],"uv":[0,12]},{"origin":[4.10263,11.34718,-3.05777],"size":[1,4,1],"pivot":[4.90263,13.34718,-4.05777],"rotation":[-31.99498,-6.6505,-1.08362],"uv":[16,5]},{"origin":[5.01852,12.26698,-1.17542],"size":[1,4,1],"pivot":[5.51852,14.26698,-0.67542],"rotation":[-56.45047,28.55824,37.75648],"uv":[16,0]},{"origin":[3.61732,12.2188,-2.41139],"size":[1,3,1],"pivot":[3.51732,14.4188,-1.66139],"rotation":[-176.78298,48.43783,-19.18184],"uv":[18,10]},{"origin":[5.35624,15.26849,0.02875],"size":[1,3,1],"pivot":[6.55624,16.46849,0.67875],"rotation":[132.94439,53.90014,-49.19945],"uv":[4,18]},{"origin":[7.83208,13.11273,0.16368],"size":[1,3,1],"pivot":[8.23208,14.61273,0.66368],"rotation":[-3.7907,61.24557,-94.90106],"uv":[0,18]},{"origin":[-5.25,7.5,-4.2],"size":[2,4,2],"pivot":[-4.25,8.5,-3],"rotation":[9.91615,1.29876,-7.38733],"uv":[10,10]},{"origin":[-5.10263,11.34718,-3.05777],"size":[1,4,1],"pivot":[-4.90263,13.34718,-4.05777],"rotation":[-31.99498,6.6505,1.08362],"uv":[12,5]},{"origin":[-4.61732,12.2188,-2.41139],"size":[1,3,1],"pivot":[-3.51732,14.4188,-1.66139],"rotation":[-176.78298,-48.43783,19.18184],"uv":[16,16]},{"origin":[-6.01852,12.26698,-1.17542],"size":[1,4,1],"pivot":[-5.51852,14.26698,-0.67542],"rotation":[-56.45047,-28.55824,-37.75648],"uv":[12,0]},{"origin":[-6.35624,15.26849,0.02875],"size":[1,3,1],"pivot":[-6.55624,16.46849,0.67875],"rotation":[132.94439,-53.90014,49.19945],"uv":[12,16]},{"origin":[-8.83208,13.11273,0.16368],"size":[1,3,1],"pivot":[-8.23208,14.61273,0.66368],"rotation":[-3.7907,-61.24557,94.90106],"uv":[8,16]}]}]}]}}