{"name":"horns_10","menu":"_Horns","author":"Anfauglir/Valaron/Jakob","body_part":"head","hidden_parts":[],"texture":"moreplayermodels:textures/horns/horns_10.png","can_use_player_skin":false,"preview_rotation":45,"animation_type":"NONE","render_type":"bedrock","render_data":{"format_version":"1.12.0","minecraft:geometry":[{"description":{"identifier":"geometry.unknown","texture_width":32,"texture_height":32,"visible_bounds_width":3,"visible_bounds_height":2.5,"visible_bounds_offset":[0,0.75,0]},"bones":[{"name":"bone","pivot":[0,0,0],"cubes":[{"origin":[-5,-1,-5],"size":[3,3,3],"pivot":[-3.5,0.5,-3.5],"rotation":[-14.33501,4.46375,16.93839],"uv":[0,6]},{"origin":[-5.25,-4,-5.9],"size":[2,3,2],"pivot":[-3.5,-2.9,-3.5],"rotation":[-26.8513,5.72519,8.5822],"uv":[10,10]},{"origin":[-5.12153,-5.13897,-6.51805],"size":[1,2,1],"pivot":[-5.12153,-4.13897,-5.11805],"rotation":[-47.13777,-1.46331,5.293],"uv":[0,12]},{"origin":[2,-1,-5],"size":[3,3,3],"pivot":[3.5,0.5,-3.5],"rotation":[-14.33501,-4.46375,-16.93839],"uv":[0,0]},{"origin":[3.25,-4,-5.9],"size":[2,3,2],"pivot":[3.5,-2.9,-3.5],"rotation":[-26.8513,-5.72519,-8.5822],"uv":[10,4]},{"origin":[4.12153,-5.13897,-6.51805],"size":[1,2,1],"pivot":[5.12153,-4.13897,-5.11805],"rotation":[-47.13777,1.46331,-5.293],"uv":[9,0]}]}]}]}}