{"name":"horns_3","menu":"_Horns","author":"Anfauglir/Valaron/Jakob","body_part":"head","hidden_parts":[],"texture":"moreplayermodels:textures/horns/horns_3.png","can_use_player_skin":false,"preview_rotation":45,"animation_type":"NONE","render_type":"bedrock","render_data":{"format_version":"1.12.0","minecraft:geometry":[{"description":{"identifier":"geometry.unknown","texture_width":32,"texture_height":32,"visible_bounds_width":2,"visible_bounds_height":2.5,"visible_bounds_offset":[0,0.75,0]},"bones":[{"name":"horns_3","pivot":[0,0,0]},{"name":"straight_horn_right","parent":"horns_3","pivot":[-8,9,4],"cubes":[{"origin":[-5,6,-5],"size":[3,3,3],"uv":[9,15]},{"origin":[-5.5,7.5,-4],"size":[2,2,4],"uv":[0,12]},{"origin":[-6,8,-2],"size":[2,2,4],"uv":[8,9]},{"origin":[-6.5,8.5,1],"size":[2,2,2],"uv":[0,18]},{"origin":[-6,9,3],"size":[1,2,1],"uv":[0,6]}]},{"name":"straight_horn_left","parent":"horns_3","pivot":[8,9,4],"cubes":[{"origin":[2,6,-5],"size":[3,3,3],"uv":[9,3]},{"origin":[3.5,7.5,-4],"size":[2,2,4],"uv":[0,6]},{"origin":[4,8,-2],"size":[2,2,4],"uv":[0,0]},{"origin":[4.5,8.5,1],"size":[2,2,2],"uv":[16,9]},{"origin":[5,9,3],"size":[1,2,1],"uv":[0,0]}]}]}]}}