{"name":"horns_7","menu":"_Horns","author":"Anfauglir/Valaron/Jakob","body_part":"head","hidden_parts":[],"texture":"moreplayermodels:textures/horns/horns_7.png","can_use_player_skin":false,"preview_rotation":45,"animation_type":"NONE","render_type":"bedrock","render_data":{"format_version":"1.12.0","minecraft:geometry":[{"description":{"identifier":"geometry.unknown","texture_width":32,"texture_height":32,"visible_bounds_width":2,"visible_bounds_height":2.5,"visible_bounds_offset":[0,0.75,0]},"bones":[{"name":"horns_7","pivot":[0,0,0],"cubes":[{"origin":[2,6,-4.25],"size":[3,3,3],"pivot":[3.5,7.5,-2.75],"rotation":[17.5,0,45],"uv":[0,6]},{"origin":[3.01777,9.02487,-5.3],"size":[2,5,2],"pivot":[5.26777,9.97487,-2.25],"rotation":[61.92061,-12.70001,6.74437],"uv":[0,12]},{"origin":[4.19904,9.32163,-7.51269],"size":[1,4,1],"pivot":[4.69904,10.82163,-7.26269],"rotation":[16.68857,-10.98779,-16.18592],"uv":[12,5]},{"origin":[-5,6,-4.25],"size":[3,3,3],"pivot":[-3.5,7.5,-2.75],"rotation":[17.5,0,-45],"uv":[0,0]},{"origin":[-5.01777,9.02487,-5.3],"size":[2,5,2],"pivot":[-5.26777,9.97487,-2.25],"rotation":[61.92061,12.70001,-6.74437],"uv":[10,10]},{"origin":[-5.19904,9.32163,-7.51269],"size":[1,4,1],"pivot":[-4.69904,10.82163,-7.26269],"rotation":[16.68857,10.98779,16.18592],"uv":[12,0]}]}]}]}}