{"name":"battleaxe_1","menu":"_Weapons","author":"Anfauglir/Valaron/Jakob","body_part":"body","hidden_parts":[],"texture":"moreplayermodels:textures/weapons/battleaxe.png","can_use_player_skin":false,"preview_rotation":45,"render_type":"bedrock","render_data":{"format_version":"1.12.0","minecraft:geometry":[{"description":{"identifier":"geometry.unknown","texture_width":32,"texture_height":32,"visible_bounds_width":3,"visible_bounds_height":3,"visible_bounds_offset":[0,0.5,0]},"bones":[{"name":"waraxe","pivot":[-0.25,-6,3],"rotation":[0,0,60],"cubes":[{"origin":[-13.25,-6,2],"size":[9,1,1],"uv":[0,0]},{"origin":[2.75,-6,2],"size":[6,1,1],"uv":[0,4]},{"origin":[8.75,-6,2],"size":[4,1,1],"inflate":0.1,"uv":[8,12]},{"origin":[-4.25,-6,2],"size":[7,1,1],"inflate":0.1,"uv":[0,2]},{"origin":[-16.25,-6,2],"size":[3,1,1],"inflate":0.1,"uv":[0,16]},{"origin":[9.75,-5,2],"size":[3,5,1],"inflate":0.01,"uv":[8,6]},{"origin":[12.125,-6.75,2],"size":[2,2,1],"pivot":[12.875,-5.5,2.5],"rotation":[0,0,-45],"uv":[15,17]},{"origin":[-18.25,-7,2],"size":[2,2,1],"inflate":0.01,"pivot":[-17.75,-5.5,2.5],"rotation":[0,0,-45],"uv":[16,14]},{"origin":[12.75,-3,2],"size":[1,3,1],"pivot":[12.75,0,2.5],"rotation":[0,0,20],"uv":[4,18]},{"origin":[6.75,-3,2],"size":[3,3,1],"pivot":[9.75,0,2.5],"rotation":[0,0,-22.5],"uv":[8,14]},{"origin":[6.408,-4.50079,2],"size":[2,3,1],"inflate":-0.01,"pivot":[7.39157,-2.50079,2.5],"rotation":[0,0,-62.5],"uv":[16,7]},{"origin":[9.75,-11,2],"size":[3,5,1],"inflate":0.01,"uv":[0,6]},{"origin":[12.75,-11,2],"size":[1,3,1],"pivot":[12.75,-11,2.5],"rotation":[0,0,-20],"uv":[0,18]},{"origin":[6.75,-11,2],"size":[3,3,1],"pivot":[9.75,-11,2.5],"rotation":[0,0,22.5],"uv":[0,12]},{"origin":[6.408,-9.49921,2],"size":[2,3,1],"inflate":-0.01,"pivot":[7.39157,-8.49921,2.5],"rotation":[0,0,62.5],"uv":[15,3]}]}]}]}}