{"name":"blunderbuss_1_a","menu":"_Weapons","author":"Anfauglir/Valaron/Jakob","parent":"moreplayermodels:parts/weapons/blunderbuss_1.json","body_part":"body","hidden_parts":[],"texture":"moreplayermodels:textures/weapons/blunderbuss.png","can_use_player_skin":false,"preview_rotation":45,"render_type":"bedrock","render_data":{"format_version":"1.12.0","minecraft:geometry":[{"description":{"identifier":"geometry.unknown","texture_width":32,"texture_height":32,"visible_bounds_width":3,"visible_bounds_height":3,"visible_bounds_offset":[0,0.5,0]},"bones":[{"name":"blunderbuss","pivot":[-0.22369,-5.89881,3.5],"rotation":[-4.22005,2.68407,-57.59891],"cubes":[{"origin":[-9.75,-5.5,2.5],"size":[11,2,2],"uv":[0,6],"mirror":true},{"origin":[-6.75,-7,2],"size":[11,3,3],"uv":[0,0],"mirror":true},{"origin":[-0.75,-9,3],"size":[6,2,1],"uv":[16,12],"mirror":true},{"origin":[1.25,-6,4.5],"size":[2,4,1],"pivot":[2.25,-3.5,5],"rotation":[0,0,35],"uv":[8,17],"mirror":true},{"origin":[1.25,-6,1.5],"size":[2,2,1],"pivot":[2.25,-3.5,2],"rotation":[0,0,35],"uv":[14,20],"mirror":true},{"origin":[-8.75,-7.5,3],"size":[8,1,1],"uv":[13,10],"mirror":true},{"origin":[1.5,-9.5,2.5],"size":[5,3,2],"pivot":[6.25,-8.5,3.5],"rotation":[0,0,30],"uv":[14,15],"mirror":true},{"origin":[5.83253,-10.00897,2],"size":[5,4,3],"uv":[0,10],"mirror":true},{"origin":[-10.75,-6,2],"size":[1,3,3],"uv":[0,17],"mirror":true}]}]}]}}