{"name":"crossbow_2","menu":"_Weapons","author":"Anfauglir/Valaron/Jakob","body_part":"body","hidden_parts":[],"parent":"moreplayermodels:parts/weapons/crossbow.json","texture":"moreplayermodels:textures/weapons/crossbow.png","can_use_player_skin":false,"preview_rotation":45,"render_type":"bedrock","render_data":{"format_version":"1.12.0","minecraft:geometry":[{"description":{"identifier":"geometry.unknown","texture_width":32,"texture_height":32,"visible_bounds_width":2,"visible_bounds_height":2,"visible_bounds_offset":[0,0,0]},"bones":[{"name":"body","pivot":[0,0,0]},{"name":"crossbow","parent":"body","pivot":[4,-15.75,3],"rotation":[93.74934,22.51752,-1.73931],"cubes":[{"origin":[3,-15.25,-3],"size":[2,1,11],"uv":[0,0]},{"origin":[-3,-14.75,1],"size":[14,1,1],"inflate":-0.3,"uv":[0,23]},{"origin":[3,-19.12929,8.31533],"size":[2,2,4],"inflate":0.001,"pivot":[11.30514,-14.66527,17.51118],"rotation":[-17.5,0,0],"uv":[12,14]},{"origin":[3.5,-16.25,-2],"size":[1,1,10],"uv":[0,12]},{"origin":[3.5,-20.42138,5.06508],"size":[1,1,3],"inflate":-0.2,"pivot":[11.30514,-17.16527,15.01118],"rotation":[-22.5,0,0],"uv":[0,0]},{"origin":[1.5,-14.75,-2],"size":[2,1,1],"uv":[0,14]},{"origin":[4.5,-14.75,-2],"size":[2,1,1],"uv":[5,0]},{"origin":[2.69584,-14.75,-4.07156],"size":[3,1,1],"pivot":[8.80514,-15.16527,7.51118],"rotation":[0,22.5,0],"uv":[0,12]},{"origin":[5.3863,-14.75,-2.31749],"size":[3,1,1],"pivot":[5.32639,-15.16527,10.07344],"rotation":[0,45,0],"uv":[0,8]},{"origin":[3.4163,-14.75,1.51955],"size":[3,1,1],"pivot":[13.80514,-15.16527,7.51118],"rotation":[0,-22.5,0],"uv":[0,4]},{"origin":[3.89295,-14.75,8.01354],"size":[3,1,1],"pivot":[17.28388,-15.16527,10.07344],"rotation":[0,-45,0],"uv":[0,6]}]}]}]}}