{"name":"dagger_c","menu":"_Weapons","author":"Anfauglir/Valaron/Jakob","body_part":"legs","hidden_parts":[],"parent":"moreplayermodels:parts/weapons/dagger.json","texture":"moreplayermodels:textures/weapons/dagger.png","can_use_player_skin":false,"preview_rotation":45,"animation_type":"legs","render_type":"bedrock","render_data":{"format_version":"1.12.0","minecraft:geometry":[{"description":{"identifier":"geometry.steve","texture_width":32,"texture_height":32,"visible_bounds_width":2,"visible_bounds_height":2,"visible_bounds_offset":[0,0,0]},"bones":[{"name":"right_leg","pivot":[-2,-12,0]},{"name":"dagger","parent":"right_leg","pivot":[-2.33911,-11.09138,-0.1985],"rotation":[-38.04238,2.87185,-8.53936],"cubes":[{"origin":[-5.41686,-19.99422,1.00671],"size":[1,5,2],"pivot":[-4.91686,-14.20255,1.75671],"rotation":[37.41942,-6.18809,4.68827],"uv":[0,0],"mirror":true},{"origin":[-5.41686,-14.99422,0.50671],"size":[1,1,3],"pivot":[-4.91686,-14.20255,1.75671],"rotation":[37.41942,-6.18809,4.68827],"uv":[6,0],"mirror":true},{"origin":[-5.41686,-13.99422,1.50671],"size":[1,2,1],"pivot":[-4.91686,-14.20255,1.75671],"rotation":[37.41942,-6.18809,4.68827],"uv":[6,7],"mirror":true},{"origin":[-5.41686,-14.99422,1.50671],"size":[1,1,1],"inflate":0.2,"pivot":[-4.91686,-14.20255,1.75671],"rotation":[37.41942,-6.18809,4.68827],"uv":[10,7],"mirror":true},{"origin":[-5.41686,-11.99422,1.50671],"size":[1,1,1],"inflate":0.2,"pivot":[-4.91686,-14.20255,1.75671],"rotation":[37.41942,-6.18809,4.68827],"uv":[10,7],"mirror":true},{"origin":[-5.41686,-20.74422,1.00671],"size":[1,1,2],"inflate":-0.2,"pivot":[-4.91686,-14.20255,1.75671],"rotation":[37.41942,-6.18809,4.68827],"uv":[0,7],"mirror":true}]}]}]}}