{"name":"shield","menu":"_Weapons","author":"Anfauglir/Valaron/Jakob","body_part":"body","hidden_parts":[],"texture":"moreplayermodels:textures/weapons/shield.png","can_use_player_skin":false,"preview_rotation":225,"render_type":"bedrock","render_data":{"format_version":"1.12.0","minecraft:geometry":[{"description":{"identifier":"geometry.unknown","texture_width":32,"texture_height":32,"visible_bounds_width":2,"visible_bounds_height":2,"visible_bounds_offset":[0,0,0]},"bones":[{"name":"body","pivot":[0,0,0]},{"name":"shield","parent":"body","pivot":[1.45,-3.25,2.9],"rotation":[2.5,2.5,20],"cubes":[{"origin":[-2.55,-12.95,2.4],"size":[8,15,1],"inflate":-0.2,"uv":[0,0]},{"origin":[0.70594,-14.2627,2.4],"size":[1,4,1],"inflate":0.001,"pivot":[1.70594,-14.2627,2.9],"rotation":[0,0,35],"uv":[18,0]},{"origin":[3.80769,-11.0529,2.4],"size":[1,7,1],"pivot":[4.65769,-7.9529,2.9],"rotation":[0,0,15],"uv":[4,16]},{"origin":[4.81198,-4.22461,2.4],"size":[1,3,1],"inflate":0.001,"uv":[18,9]},{"origin":[4.27601,-1.53013,2.4],"size":[1,2,1],"pivot":[4.77601,-0.03013,2.9],"rotation":[0,0,-22.5],"uv":[15,21]},{"origin":[3.48595,-0.0233,2.4],"size":[1,2,1],"inflate":0.001,"pivot":[3.98595,0.9767,2.9],"rotation":[0,0,-45],"uv":[11,21]},{"origin":[2.01718,0.95811,2.4],"size":[1,2,1],"pivot":[2.51718,1.95811,2.9],"rotation":[0,0,-67.5],"uv":[18,19]},{"origin":[1.19406,-14.2627,2.4],"size":[1,4,1],"inflate":0.001,"pivot":[1.19406,-14.2627,2.9],"rotation":[0,0,-35],"uv":[14,16]},{"origin":[-1.90769,-11.0529,2.4],"size":[1,7,1],"pivot":[-1.75769,-7.9529,2.9],"rotation":[0,0,-15],"uv":[0,16]},{"origin":[-2.91198,-4.22461,2.4],"size":[1,3,1],"inflate":0.001,"uv":[18,5]},{"origin":[-2.37601,-1.53013,2.4],"size":[1,2,1],"pivot":[-1.87601,-0.03013,2.9],"rotation":[0,0,22.5],"uv":[18,13]},{"origin":[-1.58595,-0.0233,2.4],"size":[1,2,1],"inflate":0.001,"pivot":[-1.08595,0.9767,2.9],"rotation":[0,0,45],"uv":[18,16]},{"origin":[-0.11718,0.95811,2.4],"size":[1,2,1],"pivot":[0.38282,1.95811,2.9],"rotation":[0,0,67.5],"uv":[8,19]},{"origin":[0.95,1.65,2.4],"size":[1,1,1],"inflate":0.2,"uv":[21,8]},{"origin":[0.45,-4,2.4],"size":[2,2,1],"pivot":[1.45,-3,2.9],"rotation":[0,0,-45],"uv":[8,16]},{"origin":[0.95,-14.05,2.4],"size":[1,1,1],"inflate":0.2,"pivot":[1.45,-13.55,2.9],"rotation":[0,0,45],"uv":[21,4]}]}]}]}}