{"name":"spear_a","menu":"_Weapons","author":"Anfauglir/Valaron/Jakob","body_part":"body","hidden_parts":[],"parent":"moreplayermodels:parts/weapons/spear.json","texture":"moreplayermodels:textures/weapons/spear.png","can_use_player_skin":false,"preview_rotation":225,"render_type":"bedrock","render_data":{"format_version":"1.12.0","minecraft:geometry":[{"description":{"identifier":"geometry.unknown","texture_width":32,"texture_height":32,"visible_bounds_width":3,"visible_bounds_height":3,"visible_bounds_offset":[0,0.5,0]},"bones":[{"name":"body","pivot":[0,0,0]},{"name":"spear","parent":"body","pivot":[1,-5,1.85],"rotation":[-2.5,0,32.5],"cubes":[{"origin":[0,-21,1.85],"size":[1,31,1],"uv":[0,0],"mirror":true},{"origin":[0,-22,1.85],"size":[1,1,1],"inflate":0.2,"uv":[10,2],"mirror":true},{"origin":[0,-11,1.85],"size":[1,1,1],"inflate":0.2,"uv":[10,0],"mirror":true},{"origin":[0,-2,1.85],"size":[1,1,1],"inflate":0.2,"uv":[8,8],"mirror":true},{"origin":[0,8,1.85],"size":[1,1,1],"inflate":0.2,"uv":[4,8],"mirror":true},{"origin":[-1,7,2.35],"size":[3,8,0],"uv":[4,0],"mirror":true}]}]}]}}