{"name":"sword_1_b","menu":"_Weapons","author":"Anfauglir/Valaron/Jakob","body_part":"body","hidden_parts":[],"parent":"moreplayermodels:parts/weapons/sword_1.json","texture":"moreplayermodels:textures/weapons/sword_1.png","can_use_player_skin":false,"preview_rotation":225,"render_type":"bedrock","render_data":{"format_version":"1.12.0","minecraft:geometry":[{"description":{"identifier":"geometry.unknown","texture_width":32,"texture_height":32,"visible_bounds_width":2,"visible_bounds_height":2,"visible_bounds_offset":[0,0,0]},"bones":[{"name":"body","pivot":[0,0,0]},{"name":"sword","parent":"body","pivot":[3.35177,-2.42377,2.51295],"rotation":[-60.53442,-82.28227,6.94946],"cubes":[{"origin":[2.75,-3.42377,1.90581],"size":[1,2,11],"uv":[0,0]},{"origin":[2.75,-4.42377,-0.09419],"size":[1,4,1],"uv":[0,4]},{"origin":[2.75,-2.92377,-3.09419],"size":[1,1,3],"uv":[0,0]},{"origin":[2.75,-2.92377,-4.09419],"size":[1,1,1],"inflate":0.2,"uv":[7,3]},{"origin":[2.75,-2.92377,-0.09419],"size":[1,1,1],"inflate":0.3,"uv":[4,7]},{"origin":[2.75,-3.42377,0.90581],"size":[1,2,1],"inflate":0.2,"uv":[4,4]},{"origin":[2.75,-3.42377,12.65581],"size":[1,2,1],"inflate":-0.2,"uv":[5,0]}]}]}]}}