{"name":"sword_2","menu":"_Weapons","author":"Anfauglir/Valaron/Jakob","body_part":"body","hidden_parts":[],"texture":"moreplayermodels:textures/weapons/sword_2.png","can_use_player_skin":false,"preview_rotation":225,"render_type":"bedrock","render_data":{"format_version":"1.12.0","minecraft:geometry":[{"description":{"identifier":"geometry.unknown","texture_width":32,"texture_height":32,"visible_bounds_width":2,"visible_bounds_height":2,"visible_bounds_offset":[0,0,0]},"bones":[{"name":"bone","pivot":[0,0,0]},{"name":"TORSO_sword_on_back","parent":"bone","pivot":[-4,0.5,2],"rotation":[0,0,-30],"cubes":[{"origin":[-5.5,-16.5,2],"size":[3,17,1],"uv":[0,0]},{"origin":[-7.5,0.5,2],"size":[7,1,1],"uv":[8,8]},{"origin":[-4.5,1.5,2],"size":[1,4,1],"uv":[8,2]},{"origin":[-4.5,5.5,2],"size":[1,1,1],"inflate":0.2,"uv":[12,2]},{"origin":[-1.5,0.5,2],"size":[1,1,1],"inflate":0.2,"uv":[11,12]},{"origin":[-7.5,0.5,2],"size":[1,1,1],"inflate":0.2,"uv":[11,6]},{"origin":[-4.5,-0.5,2],"size":[1,2,1],"inflate":0.2,"uv":[8,10]},{"origin":[-5.5,-17.25,2],"size":[3,1,1],"inflate":-0.2,"uv":[8,0]}]}]}]}}