{"name":"sword_3","menu":"_Weapons","author":"Anfauglir/Valaron/Jakob","body_part":"body","hidden_parts":[],"texture":"moreplayermodels:textures/weapons/sword_3.png","can_use_player_skin":false,"preview_rotation":45,"render_type":"bedrock","render_data":{"format_version":"1.12.0","minecraft:geometry":[{"description":{"identifier":"geometry.steve","texture_width":32,"texture_height":32,"visible_bounds_width":2,"visible_bounds_height":3,"visible_bounds_offset":[0,-0.5,0]},"bones":[{"name":"sword","pivot":[0,0,0],"cubes":[{"origin":[4,-23,-1],"size":[1,17,1],"pivot":[4.5,-12.71429,-0.5],"rotation":[32.27017,4.78845,-2.88518],"uv":[0,0]},{"origin":[4,-6,-1],"size":[1,1,1],"inflate":0.2,"pivot":[4.5,-12.71429,-0.5],"rotation":[32.27017,4.78845,-2.88518],"uv":[4,0]},{"origin":[4,-10,-1],"size":[1,1,1],"inflate":0.2,"pivot":[4.5,-12.71429,-0.5],"rotation":[32.27017,4.78845,-2.88518],"uv":[4,0]},{"origin":[4,-10,1],"size":[1,1,1],"inflate":0.2,"pivot":[4.5,-12.71429,-0.5],"rotation":[32.27017,4.78845,-2.88518],"uv":[4,0]},{"origin":[4,-10,-3],"size":[1,1,1],"inflate":0.2,"pivot":[4.5,-12.71429,-0.5],"rotation":[32.27017,4.78845,-2.88518],"uv":[4,0]},{"origin":[4,-10,-3],"size":[1,1,5],"pivot":[4.5,-12.71429,-0.5],"rotation":[32.27017,4.78845,-2.88518],"uv":[8,0]},{"origin":[4,-12,-1.5],"size":[1,2,2],"inflate":0.02,"pivot":[4.5,-12.71429,-0.5],"rotation":[32.27017,4.78845,-2.88518],"uv":[8,6]},{"origin":[4.5,-24,-1.5],"size":[0,14,2],"pivot":[4.5,-12.71429,-0.5],"rotation":[32.27017,4.78845,-2.88518],"uv":[4,0]},{"origin":[4.5,-25,-1],"size":[0,1,1],"pivot":[4.5,-12.71429,-0.5],"rotation":[32.27017,4.78845,-2.88518],"uv":[5,14]}]}]}]}}