{"name":"spell_4","menu":"_Special","author":"Anfauglir/Valaron/Jakob","body_part":"body","hidden_parts":[],"texture":"moreplayermodels:textures/special/spell_4.png","can_use_player_skin":false,"preview_rotation":45,"render_type":"bedrock","render_data":{"format_version":"1.12.0","minecraft:geometry":[{"description":{"identifier":"geometry.unknown","texture_width":64,"texture_height":64,"visible_bounds_width":5,"visible_bounds_height":3,"visible_bounds_offset":[0,0.5,0]},"bones":[{"name":"body","pivot":[0,0,0],"cubes":[{"origin":[0,-11,2.5],"size":[16,6,0],"pivot":[6.5,-8,2.5],"rotation":[5,0,60],"uv":[32,30]},{"origin":[4.25,-9,2.5],"size":[16,6,0],"pivot":[10.75,-6,2.5],"rotation":[5,0,42.5],"uv":[32,24]},{"origin":[8,-5.5,2.5],"size":[16,6,0],"pivot":[14.5,-2.5,2.5],"rotation":[5,0,30],"uv":[32,18]},{"origin":[10.75,-1.25,2.5],"size":[16,6,0],"pivot":[17.25,1.75,2.5],"rotation":[5,0,15],"uv":[32,12]},{"origin":[12,3.75,2.5],"size":[16,6,0],"pivot":[18.5,6.75,2.5],"rotation":[5,0,-2.5],"uv":[32,6]},{"origin":[9,7.75,2.5],"size":[16,6,0],"pivot":[15.5,10.75,2.5],"rotation":[4.83045,1.29256,-17.44548],"uv":[32,0]},{"origin":[-25,7.75,2.5],"size":[16,6,0],"pivot":[-15.5,10.75,2.5],"rotation":[4.83045,-1.29256,17.44548],"uv":[0,0]},{"origin":[-16,-11,2.5],"size":[16,6,0],"pivot":[-6.5,-8,2.5],"rotation":[5,0,-60],"uv":[0,30]},{"origin":[-20.25,-9,2.5],"size":[16,6,0],"pivot":[-10.75,-6,2.5],"rotation":[5,0,-42.5],"uv":[0,24]},{"origin":[-24,-5.5,2.5],"size":[16,6,0],"pivot":[-14.5,-2.5,2.5],"rotation":[5,0,-30],"uv":[0,18]},{"origin":[-26.75,-1.25,2.5],"size":[16,6,0],"pivot":[-17.25,1.75,2.5],"rotation":[5,0,-15],"uv":[0,12]},{"origin":[-28,3.75,2.5],"size":[16,6,0],"pivot":[-18.5,6.75,2.5],"rotation":[5,0,2.5],"uv":[0,6]}]}]}]}}