{"name":"spell_2","menu":"_Special","author":"Anfauglir/Valaron/Jakob","body_part":"body","hidden_parts":[],"texture":"moreplayermodels:textures/special/spell_2.png","can_use_player_skin":false,"preview_rotation":45,"animation_data":{"static":{"animation_length":8,"animation_speed":1.0,"additional":true,"loop":true,"bones":{"outer":{"rotation":[[0,0,0],[0,45,0],[0,90,0],[0,135,0],[0,180,0],[0,225,0],[0,270,0],[0,315,0]]},"spell":{"rotation":[[0,-0.0,0],[0,-45,0],[0,-90,0],[0,-135,0],[0,-180,0],[0,-225,0],[0,-270,0],[0,-315,0]]}}}},"render_type":"bedrock","render_data":{"format_version":"1.12.0","minecraft:geometry":[{"description":{"identifier":"geometry.spell_2","texture_width":128,"texture_height":128,"visible_bounds_width":3,"visible_bounds_height":2,"visible_bounds_offset":[0,0,0]},"bones":[{"name":"body","pivot":[0,0,0]},{"name":"spell","parent":"body","pivot":[0,0,0],"cubes":[{"origin":[-5,-24,-12],"size":[10,32,0],"uv":[80,96]},{"origin":[-5,-24,12],"size":[10,32,0],"uv":[80,64]},{"origin":[12,-24,-5],"size":[0,32,10],"uv":[60,0]},{"origin":[-12,-24,-5],"size":[0,32,10],"uv":[60,32]},{"origin":[12,-24,-5],"size":[0,32,10],"pivot":[0,0,0],"rotation":[0,45,0],"uv":[40,0]},{"origin":[-12,-24,-5],"size":[0,32,10],"pivot":[0,0,0],"rotation":[0,45,0],"uv":[40,32]},{"origin":[-5,-24,-12],"size":[10,32,0],"pivot":[0,0,0],"rotation":[0,45,0],"uv":[80,0]},{"origin":[-5,-24,12],"size":[10,32,0],"pivot":[0,0,0],"rotation":[0,45,0],"uv":[80,32]}]},{"name":"outer","parent":"body","pivot":[0,0,0],"cubes":[{"origin":[-5,-24,-12.5],"size":[10,32,0],"uv":[60,74]},{"origin":[-5,-24,12.5],"size":[10,32,0],"uv":[40,74]},{"origin":[12.5,-24,-5],"size":[0,32,10],"uv":[20,32]},{"origin":[-12.5,-24,-5],"size":[0,32,10],"uv":[0,32]},{"origin":[12.5,-24,-5],"size":[0,32,10],"pivot":[0,0,0],"rotation":[0,45,0],"uv":[20,0]},{"origin":[-12.5,-24,-5],"size":[0,32,10],"pivot":[0,0,0],"rotation":[0,45,0],"uv":[0,0]},{"origin":[-5,-24,-12.5],"size":[10,32,0],"pivot":[0,0,0],"rotation":[0,45,0],"uv":[20,74]},{"origin":[-5,-24,12.5],"size":[10,32,0],"pivot":[0,0,0],"rotation":[0,45,0],"uv":[0,74]}]}]}]}}