{"name":"spell_3","menu":"_Special","author":"Anfauglir/Valaron/Jakob","body_part":"body","hidden_parts":[],"texture":"moreplayermodels:textures/special/spell_3.png","can_use_player_skin":false,"preview_rotation":45,"animation_data":{"static":{"animation_length":8,"animation_speed":1.0,"additional":true,"loop":true,"bones":{"circle_1":{"rotation":[[0,0,0],[0,45,0],[0,90,0],[0,135,0],[0,180,0],[0,225,0],[0,270,0],[0,315,0]]},"circle_2":{"rotation":[[0,-0.0,0],[0,-45,0],[0,-90,0],[0,-135,0],[0,-180,0],[0,-225,0],[0,-270,0],[0,-315,0]]}}}},"render_type":"bedrock","render_data":{"format_version":"1.12.0","minecraft:geometry":[{"description":{"identifier":"geometry.unknown","texture_width":128,"texture_height":128,"visible_bounds_width":3,"visible_bounds_height":1.5,"visible_bounds_offset":[0,-0.25,0]},"bones":[{"name":"body","pivot":[0,0,0]},{"name":"circle_0","parent":"body","pivot":[0,-23.5,0],"cubes":[{"origin":[-16,-23.5,-16],"size":[32,0,32],"uv":[0,64]}]},{"name":"circle_1","parent":"body","pivot":[0,-23.4,0],"cubes":[{"origin":[-16,-23.4,-16],"size":[32,0,32],"uv":[0,32]}]},{"name":"circle_2","parent":"body","pivot":[0,-23.3,0],"cubes":[{"origin":[-16,-23.3,-16],"size":[32,0,32],"uv":[0,0]}]}]}]}}