{"name":"pointy_ears_c","menu":"_Ears","author":"Anfauglir/Valaron/Jakob","body_part":"head","hidden_parts":[],"parent":"moreplayermodels:parts/ears/pointy_ears/pointy_ears.json","texture":"moreplayermodels:textures/ears/pointy_ears/pointy_ears.png","can_use_player_skin":false,"preview_rotation":45,"animation_type":"NONE","render_type":"bedrock","render_data":{"format_version":"1.12.0","minecraft:geometry":[{"description":{"identifier":"geometry.unknown","texture_width":16,"texture_height":16,"visible_bounds_width":3,"visible_bounds_height":1.5,"visible_bounds_offset":[0,0.25,0]},"bones":[{"name":"HEAD_pointy_ears","pivot":[0,0,0]},{"name":"ear_left","parent":"HEAD_pointy_ears","pivot":[3.75,3,-2],"rotation":[103.95762,36.64467,113.4813],"cubes":[{"origin":[3.25,3,-2],"size":[1,1,3],"uv":[8,0],"mirror":true},{"origin":[3.75,1,-2],"size":[0,3,7],"uv":[0,3],"mirror":true}]},{"name":"ear_right","parent":"HEAD_pointy_ears","pivot":[-3.75,3,-2],"rotation":[103.95762,-36.64467,-113.4813],"cubes":[{"origin":[-4.25,3,-2],"size":[1,1,3],"uv":[0,0]},{"origin":[-3.75,1,-2],"size":[0,3,7],"uv":[0,0]}]}]}]}}