{"name":"scarf","menu":"_Seasonal","author":"Anfauglir/Valaron/Jakob","body_part":"head","hidden_parts":[],"texture":"moreplayermodels:textures/seasonal/scarf.png","can_use_player_skin":false,"preview_rotation":45,"render_type":"bedrock","render_data":{"format_version":"1.12.0","minecraft:geometry":[{"description":{"identifier":"geometry.unknown","texture_width":64,"texture_height":64,"visible_bounds_width":2,"visible_bounds_height":2,"visible_bounds_offset":[0,0,0]},"bones":[{"name":"scarf","pivot":[0,0,0],"rotation":[5,0,0],"cubes":[{"origin":[-5,-2,-5],"size":[10,4,10],"uv":[0,0]}]},{"name":"end_front","parent":"scarf","pivot":[2,-2,-3.75],"rotation":[-5,0,0],"cubes":[{"origin":[0,-7,-3.75],"size":[4,5,0],"uv":[0,0]}]},{"name":"end_back","parent":"scarf","pivot":[-2,-2,3.25],"rotation":[-5,0,0],"cubes":[{"origin":[-4,-13,3.25],"size":[4,11,0],"uv":[0,14]}]}]}]}}