{"name":"snowman","menu":"_Seasonal","author":"Anfauglir/Valaron/Jakob","body_part":"body","hidden_parts":[],"texture":"moreplayermodels:textures/seasonal/snowman.png","can_use_player_skin":false,"preview_rotation":45,"render_type":"bedrock","render_data":{"format_version":"1.12.0","minecraft:geometry":[{"description":{"identifier":"geometry.unknown","texture_width":32,"texture_height":32,"visible_bounds_width":2,"visible_bounds_height":2.5,"visible_bounds_offset":[0,0.75,0]},"bones":[{"name":"snowman","pivot":[6.75,-0.1,0],"rotation":[0.55404,-12.48791,4.93938],"cubes":[{"origin":[4.75,-0.1,-2],"size":[4,4,4],"uv":[0,0]},{"origin":[4.75,-0.1,0],"size":[7,7,0],"pivot":[6.75,1.9,0],"rotation":[0,0,-45],"uv":[0,8]},{"origin":[4.5,6.45,-1.8],"size":[4,1,4],"pivot":[6.75,8.4,0],"rotation":[-4.95744,-0.65182,-7.47178],"uv":[10,11]},{"origin":[5.25,3.9,-1.5],"size":[3,3,3],"uv":[0,15]},{"origin":[6.25,4.4,-3.5],"size":[1,1,2],"uv":[12,0]},{"origin":[5,7.45,-1.3],"size":[3,3,3],"pivot":[6.75,8.4,0],"rotation":[-4.95744,-0.65182,-7.47178],"uv":[14,5]}]}]}]}}