{"name":"small_ears","menu":"_Ears","author":"Anfauglir/Valaron/Jakob","body_part":"head","hidden_parts":[],"texture":"moreplayermodels:textures/ears/small_ears/small_ears.png","can_use_player_skin":false,"preview_rotation":45,"animation_type":"NONE","render_type":"bedrock","render_data":{"format_version":"1.12.0","minecraft:geometry":[{"description":{"identifier":"geometry.unknown","texture_width":16,"texture_height":16,"visible_bounds_width":2,"visible_bounds_height":2.5,"visible_bounds_offset":[0,0.75,0]},"bones":[{"name":"head","pivot":[0,-0.5,0]},{"name":"ear_left","parent":"head","pivot":[1,8.5,-2],"rotation":[10,-22.5,47.5],"cubes":[{"origin":[1,8.5,-2],"size":[3,3,1],"uv":[0,0]},{"origin":[1,8.5,-2],"size":[3,3,1],"inflate":0.25,"uv":[0,4]}]},{"name":"ear_right","parent":"head","pivot":[-1,8.5,-2],"rotation":[10,22.5,-47.5],"cubes":[{"origin":[-4,8.5,-2],"size":[3,3,1],"uv":[8,0]},{"origin":[-4,8.5,-2],"size":[3,3,1],"inflate":0.25,"uv":[8,4]}]}]}]}}