{"name":"small_ears_2","menu":"_Ears","author":"Anfauglir/Valaron/Jakob","body_part":"head","hidden_parts":[],"parent":"moreplayermodels:parts/ears/small_ears/small_ears.json","texture":"moreplayermodels:textures/ears/small_ears/small_ears.png","can_use_player_skin":false,"preview_rotation":45,"animation_type":"NONE","render_type":"bedrock","render_data":{"format_version":"1.12.0","minecraft:geometry":[{"description":{"identifier":"geometry.unknown","texture_width":16,"texture_height":16,"visible_bounds_width":2,"visible_bounds_height":2.5,"visible_bounds_offset":[0,0.75,0]},"bones":[{"name":"head","pivot":[0,-0.5,0]},{"name":"ear_left","parent":"head","pivot":[2.5,7.75,-2],"rotation":[3,-25,63],"cubes":[{"origin":[2.5,7.75,-2],"size":[3,3,1],"uv":[0,0]},{"origin":[2.5,7.75,-2],"size":[3,3,1],"inflate":0.25,"uv":[0,4]}]},{"name":"ear_right","parent":"head","pivot":[-2.5,7.75,-2],"rotation":[3,25,-63],"cubes":[{"origin":[-5.5,7.75,-2],"size":[3,3,1],"uv":[0,0],"mirror":true},{"origin":[-5.5,7.75,-2],"size":[3,3,1],"inflate":0.25,"uv":[0,4],"mirror":true}]}]}]}}