{"name":"big_ears_1","render_type":"bedrock","parent":"moreplayermodels:parts/ears/big_ears/big_ears.json","hidden_parts":[],"texture":"moreplayermodels:textures/ears/big_ears/big_ears.png","body_part":"head","menu":"_Ears","preview_rotation":45,"translate":[0,0,0],"scale":[1,1,1],"rotate_offset":[0,0,0.0],"rotate":[0.0,0,0.0],"can_use_player_skin":false,"author":"Anfauglir/Valaron/Jakob","render_data":{"format_version":"1.12.0","minecraft:geometry":[{"description":{"identifier":"geometry.steve","texture_width":16,"texture_height":16,"visible_bounds_width":2,"visible_bounds_height":2.5,"visible_bounds_offset":[0,0.75,0]},"bones":[{"name":"head","pivot":[0,0,0]},{"name":"ear_left","parent":"head","pivot":[3.75,3,-1],"rotation":[9.3737,-29.82577,18.42911],"cubes":[{"origin":[2.75,2,-1],"size":[3,4,1],"uv":[0,0]},{"origin":[2.75,2,-1],"size":[3,4,1],"inflate":0.2,"uv":[0,5]}]},{"name":"ear_right","parent":"head","pivot":[-3.75,3,-1],"rotation":[9.3737,29.82577,-18.42911],"cubes":[{"origin":[-5.75,2,-1],"size":[3,4,1],"uv":[0,0],"mirror":true},{"origin":[-5.75,2,-1],"size":[3,4,1],"inflate":0.2,"uv":[0,5],"mirror":true}]}]}]}}