{"name":"beard_1","menu":"_Hair","author":"Anfauglir/Valaron/Jakob","body_part":"head","hidden_parts":[],"texture":"moreplayermodels:textures/hair/beard_1.png","can_use_player_skin":false,"preview_rotation":45,"render_type":"bedrock","render_data":{"format_version":"1.12.0","minecraft:geometry":[{"description":{"identifier":"geometry.unknown","texture_width":16,"texture_height":16,"visible_bounds_width":2,"visible_bounds_height":1.5,"visible_bounds_offset":[0,0.25,0]},"bones":[{"name":"beard","pivot":[0,0,0],"cubes":[{"origin":[-4.75,-2,-4.75],"size":[3,4,2],"pivot":[-3.25,-2.75,-4],"rotation":[0,12.5,0],"uv":[0,6]},{"origin":[-4.25,-4,-4.25],"size":[2,2,1],"pivot":[-3.25,-2.75,-4],"rotation":[0,12.5,0],"uv":[10,0]},{"origin":[-3.25,-7,-4.25],"size":[1,3,1],"pivot":[-3.25,-2.75,-4],"rotation":[0,12.5,0],"uv":[0,12]},{"origin":[1.75,-2,-4.75],"size":[3,4,2],"pivot":[3.25,-2.75,-4],"rotation":[0,-12.5,0],"uv":[0,0]},{"origin":[2.25,-4,-4.25],"size":[2,2,1],"pivot":[3.25,-2.75,-4],"rotation":[0,-12.5,0],"uv":[9,5]},{"origin":[2.25,-7,-4.25],"size":[1,3,1],"pivot":[3.25,-2.75,-4],"rotation":[0,-12.5,0],"uv":[10,8]},{"origin":[2.25,-5,-4.25],"size":[1,1,1],"inflate":0.2,"pivot":[3.25,-1.75,-4],"rotation":[0,-12.5,0],"uv":[10,3]},{"origin":[-3.25,-5,-4.25],"size":[1,1,1],"inflate":0.2,"pivot":[-3.25,-1.75,-4],"rotation":[0,12.5,0],"uv":[4,12]},{"origin":[3.75,-1,-4.75],"size":[1,1,1],"inflate":0.2,"pivot":[3.25,0.25,-4],"rotation":[0,-12.5,0],"uv":[8,12]},{"origin":[-4.75,-1,-4.75],"size":[1,1,1],"inflate":0.2,"pivot":[-3.25,0.25,-4],"rotation":[0,12.5,0],"uv":[4,14]}]}]}]}}