{"name":"beard_2","menu":"_Hair","author":"Anfauglir/Valaron/Jakob","body_part":"head","hidden_parts":[],"texture":"moreplayermodels:textures/hair/beard_2.png","can_use_player_skin":false,"preview_rotation":45,"render_type":"bedrock","render_data":{"format_version":"1.12.0","minecraft:geometry":[{"description":{"identifier":"geometry.unknown","texture_width":16,"texture_height":16,"visible_bounds_width":2,"visible_bounds_height":1.5,"visible_bounds_offset":[0,0.25,0]},"bones":[{"name":"beard_2","pivot":[0,0,0],"cubes":[{"origin":[-2.5,-1,-5],"size":[5,3,3],"uv":[0,0]},{"origin":[-1.5,-4,-4.5],"size":[3,3,2],"uv":[0,6]},{"origin":[-0.5,-5,-4],"size":[1,1,1],"inflate":0.2,"uv":[8,6]},{"origin":[-1,-7,-4.5],"size":[2,2,2],"uv":[8,9]}]}]}]}}