{"name":"hair_4","menu":"_Hair","author":"Anfauglir/Valaron/Jakob","body_part":"head","hidden_parts":[],"texture":"moreplayermodels:textures/hair/hair_4.png","can_use_player_skin":false,"preview_rotation":225,"render_type":"bedrock","render_data":{"format_version":"1.12.0","minecraft:geometry":[{"description":{"identifier":"geometry.unknown","texture_width":32,"texture_height":32,"visible_bounds_width":2,"visible_bounds_height":2.5,"visible_bounds_offset":[0,0.75,0]},"bones":[{"name":"hair_4","pivot":[0,0,0],"cubes":[{"origin":[2.5,6,1],"size":[4,4,4],"pivot":[4.5,8,3],"rotation":[17.5,0,-15],"uv":[12,12]},{"origin":[-6.5,6,1],"size":[4,4,4],"pivot":[-4.5,8,3],"rotation":[17.5,0,15],"uv":[12,4]},{"origin":[2.5,6,1],"size":[4,4,4],"inflate":0.2,"pivot":[4.5,8,3],"rotation":[17.5,0,-15],"uv":[0,0]},{"origin":[-6.5,6,1],"size":[4,4,4],"inflate":0.2,"pivot":[-4.5,8,3],"rotation":[17.5,0,15],"uv":[0,8]}]}]}]}}